id,first_name,last_name,email,age
1,Deanna,Ayton,dayton0@arstechnica.com,22
2,Robinett,Brehaut,rbrehaut1@hibu.com,40
3,Florida,Pitkins,fpitkins2@feedburner.com,23
4,Lucius,Kermeen,lkermeen3@yellowbook.com,91
5,Aubine,Kenright,akenright4@sina.com.cn,47
6,Claudine,Moorman,cmoorman5@webnode.com,32
7,Thomas,Pogg,tpogg6@patch.com,53
8,Winnifred,Goodin,wgoodin7@themeforest.net,20
9,Guthry,Lill,glill8@infoseek.co.jp,58
10,Agna,Tarbet,atarbet9@tumblr.com,96
11,Bettye,Crowd,bcrowda@usgs.gov,97
12,Clementine,Compford,ccompfordb@pinterest.com,72
13,Slade,Ruoss,sruossc@histats.com,87
14,Libbie,Martynikhin,lmartynikhind@examiner.com,31
15,Antonina,Binfield,abinfielde@apple.com,51
16,Derward,Pointon,dpointonf@netscape.com,63
17,Angela,Putman,aputmang@paginegialle.it,58
18,Merilyn,Del Dello,mdeldelloh@hugedomains.com,77
19,Tove,Carmen,tcarmeni@usatoday.com,74
20,Glenn,Zorro,gzorroj@columbia.edu,86
21,Towney,Martignon,tmartignonk@networksolutions.com,45
22,Gweneth,Kemwall,gkemwalll@angelfire.com,51
23,Tamera,Corzon,tcorzonm@oakley.com,51
24,Bell,Broadhead,bbroadheadn@aol.com,31
25,Malvina,Crannach,mcrannacho@google.com,13
26,Merrilee,Sadgrove,msadgrovep@i2i.jp,82
27,Obie,Schuricht,oschurichtq@rediff.com,90
28,Minnnie,Southernwood,msouthernwoodr@cocolog-nifty.com,67
29,Silvester,Gibbens,sgibbenss@goodreads.com,79
30,Eada,Veschambre,eveschambret@yandex.ru,99
31,Daren,Antonioni,dantonioniu@icq.com,34
32,Wyndham,Phillcox,wphillcoxv@google.com.hk,29
33,Dell,Chaunce,dchauncew@mlb.com,43
34,Clayton,Habberjam,chabberjamx@bloomberg.com,59
35,Damara,Garrow,dgarrowy@ebay.com,25
36,Micky,Winsper,mwinsperz@wunderground.com,94
37,Patrick,Parrington,pparrington10@irs.gov,1
38,Sharia,Follos,sfollos11@wordpress.org,61
39,Garfield,Maud,gmaud12@yellowpages.com,13
40,Vernice,Foan,vfoan13@cbc.ca,43
41,Matthew,Copsey,mcopsey14@myspace.com,56
42,Feodora,Brackley,fbrackley15@omniture.com,74
43,Deni,Chislett,dchislett16@twitter.com,61
44,Job,Matuskiewicz,jmatuskiewicz17@bbb.org,7
45,Torrey,Ladlow,tladlow18@acquirethisname.com,77
46,Harmonia,Laughlin,hlaughlin19@goo.gl,100
47,Mill,Rudall,mrudall1a@pinterest.com,7
48,Vallie,Flaxon,vflaxon1b@mozilla.org,83
49,Sherlock,Bewshaw,sbewshaw1c@google.cn,93
50,Tabbi,Agdahl,tagdahl1d@tinyurl.com,85
51,Lena,Roakes,lroakes1e@ezinearticles.com,42
52,Donal,Daniellot,ddaniellot1f@google.com.au,31
53,Sashenka,Kain,skain1g@aboutads.info,23
54,Letizia,Noad,lnoad1h@dedecms.com,27
55,Romeo,Dagon,rdagon1i@free.fr,46
56,Pembroke,Kilday,pkilday1j@oakley.com,96
57,Rollin,Joutapaitis,rjoutapaitis1k@plala.or.jp,78
58,Aland,Rawll,arawll1l@youtu.be,18
59,Corby,Foulgham,cfoulgham1m@go.com,19
60,Major,Guerola,mguerola1n@jimdo.com,30
61,Jemimah,Place,jplace1o@ucsd.edu,87
62,Mace,Gleasane,mgleasane1p@google.co.uk,92
63,Maureene,Beckham,mbeckham1q@arstechnica.com,21
64,Emelen,Bulluck,ebulluck1r@mozilla.org,87
65,Nicholas,Appleyard,nappleyard1s@toplist.cz,5
66,Ebeneser,Gathwaite,egathwaite1t@geocities.jp,6
67,Jeffie,Liversage,jliversage1u@odnoklassniki.ru,98
68,Adoree,Lynam,alynam1v@wikimedia.org,55
69,Noby,Cadwaladr,ncadwaladr1w@zimbio.com,40
70,Ronnica,Aleshkov,raleshkov1x@state.gov,73
71,Kean,O' Donohoe,kodonohoe1y@mapquest.com,55
72,Rebekah,Willsmore,rwillsmore1z@nba.com,20
73,Grata,Vuittet,gvuittet20@techcrunch.com,100
74,Brittney,Kelsey,bkelsey21@biglobe.ne.jp,37
75,Camellia,Roantree,croantree22@123-reg.co.uk,54
76,Brunhilda,Tincombe,btincombe23@prweb.com,80
77,Tish,Purchall,tpurchall24@gnu.org,3
78,Florence,Zucker,fzucker25@harvard.edu,45
79,Tansy,Marjoram,tmarjoram26@smh.com.au,41
80,Barbette,Fanton,bfanton27@sourceforge.net,43
81,Vivianna,Sadd,vsadd28@si.edu,69
82,Gloriana,Pervoe,gpervoe29@usa.gov,59
83,Kalil,Pilger,kpilger2a@state.gov,93
84,Carissa,Spaunton,cspaunton2b@gnu.org,57
85,Aubree,Morecomb,amorecomb2c@accuweather.com,4
86,Gus,Poyle,gpoyle2d@360.cn,55
87,Fairfax,MacCaghan,fmaccaghan2e@blinklist.com,31
88,Molly,Durtnel,mdurtnel2f@google.nl,71
89,Addie,Fewlass,afewlass2g@meetup.com,12
90,Andrew,Kinchlea,akinchlea2h@apache.org,53
91,Bridget,Trim,btrim2i@army.mil,85
92,Roanne,Byrth,rbyrth2j@friendfeed.com,9
93,Anstice,Drowsfield,adrowsfield2k@telegraph.co.uk,34
94,Catie,Washbrook,cwashbrook2l@cbsnews.com,32
95,Marion,Heeps,mheeps2m@engadget.com,9
96,Ki,Shillington,kshillington2n@blogger.com,14
97,Cosette,Mehaffey,cmehaffey2o@google.fr,24
98,Claude,Waghorne,cwaghorne2p@hibu.com,28
99,Paloma,Gowler,pgowler2q@state.tx.us,54
100,Thedrick,Bertenshaw,tbertenshaw2r@cafepress.com,58
